0,진미평양냉면,서울 강남구 학동로 305-3 정각빌딩 1층,3.7,정말 정말 정맣 좋아하는 곳 멜로 체질 알 곳 제일 좋아하는 평냉집      나 좋았다 어복쟁반 맛있고 유명한 집 번 쯤 방문 것 괜찮을듯 나 또 가야 쇠주 잔 평냉 워낙 사람 들 입맛 달라 이  어복쟁 육수 야채 리필 만두 반 접시 평냉 
1,중앙해장,서울 강남구 영동대로86길 17 육인빌딩 1층,3.9,맛있는데 테이블 호출 벨 없는게 너무 아쉬워요    모든 직원 분들 분주하셔서 뭐 필요한거 있을 때 주문 하 거나 제공 너무 힘들어요   구석 날 볶음밥 한번 진짜 힘들어요  개운하고 얼큰한 곱창전골 점원 너무 바쁘고 이해 수 없는 한국어 해 힘들다     
2,스케줄 청담,서울 강남구 선릉로152길 37 1층,3.4,어플 예약 방문 대부분 직원 들 마스크 착용 안 있었고   번의 주문 누락 이해 정장 자켓   층 직원 분 불친절 인해 즐거움 싹 채 결제 영수증 기본 아닌가요 영수증 달라 똥 표정 영수증   만원 이상 영수증 아까우셨나요 저 서비스업 쪽 일 사람 일 땐 기본 서비스 마인드 일 사람 입니다 사람 그러는 일 그렇게 좋겠구요 기계 오류로 주문 안 재차 확인 지배인 분들 아닌가요 답답해서 몇번 재 주문 불구 누락 거 덕분 파스타 잘 김치볶음밥 맛있지 인터넷 맛있다곤 같 이간 사람 들 전 별루 곳   위 으 휴  문어 진짜 맛있었음 분위기 짱 좋음   월  월 리뷰 냄새 킁킁 저 회사 근처 가끔 생 각 맛 있고 생 각 불친절하지     
3,꽁티드툴레아 도산점,서울 강남구 도산대로49길 39 1층,3.3,김치볶음밥 평범했고 파스타 평균 이하 음식 와인 모두 가격 정말 너무합니다 주말 그런지 가게 작아서 복잡하고 시끄럽네요    맛있고 분위기 좋아요 아메리카노 맛 요 브런치 카페  가격 양 진짜 개 작고 뇨끼 맛 미안합니다 그리고 저녁 술 꼭 아메리카노 안되나여   개인 적 많이 아쉬운 곳 입니다 분위기 진짜 조아여 
4,뱃고동,서울 강남구 언주로172길 54 지하 1층,3.5,오징어 튀김 진심 맛있어요     입구 문안 매우 추워요  기대 안 그 런가 괜찮았어요 오징어 통통하고 쫀득 실했어요 너무 매콤 좋았습니다 소면 추가 꼭 볶음밥 꼭   압구정 마땅히 없었는데 맘  운 좋게 웨이 팅 안해 그런지 너무 너무 너무 맛있게    밥 도둑 압구정 이런 가성 비 찾기 힘들다고 생각 옛날 엄마 오징어 볶음 맛 오징어 튀김 꼭 야합니다 
5,팀호완 삼성점,서울 강남구 봉은사로86길 30 1층,3.5,맛 비싸고 양적 어 웨이 팅 장난 아님 예 약 꼭      메뉴 전체 적 평타 곳 딤섬 때 종종 
6,뽕나무쟁이 선릉본점,서울 강남구 역삼로65길 31,4.1,    제 인생 최고 족발 집 입니다 반반하세요 양념 기본 진짜 잇몸  포장 바로 아닌지 같이 사람 들 모두 이틀 내내 배탈    
7,까폼 본점,서울 강남구 선릉로153길 18 지하1층,4.2,    평일 점심  시간 웨이팅 맛 실망 스러 움 덜덜 쌀국수 국물 하나 안 따뜻하고 무엇 후 천장 보고 깜짝 진짜 너무 드러워서 음식 다 같은 공포     
8,어거스트힐 강남점,서울 강남구 강남대로106길 25 1층,4.3,후기 처음 집   년  월  일   시 가운데 자리   인 석 새우 토마토 파스타 비프 버터 라이스 먹음   시   분 경 결제 함 파스타 비프 토마토 알 아무런 안내 없어서 줄 계산 때 새우 없었냐 직원 실수 비프 로제 원하시면 지금 다시 함 잘 못 거 알 있었고 우리 건 로제 아니라 명백히 토마토 다 새우 없던 뭐던 사과 끝 계산 원하시면 다시 것 말 안됨 사람 가지 노 것 아니고 최소한 잘 못 안내 하 거나 나중 사과 한마디 게 생각 직원 들 생각 아닌 점 장이 직원 교육 못 그냥 서비스 그런 건 도저히 이해 안되는 시스템 반성 최대한 발악 끝 망해 좋겠다 아 그리고 음식 맛 좋았음 맛있게 기분 너무 나빳음  음 전반 적 음식 너 무 평범한데 가격 비싼 그렇다고 인테리어 분위기 또 음청 좋은 것 도아 고요 시올 꺼 같진  날씨 무심코 첫 끼임 불구 도저히 입 못 만약 다이어트 방문 추천 저절로 입맛 뚝 수 있다 도저히 수 없어서 
9,압구정공주떡,서울 강남구 논현로161길 10 1층,4.0,비싸고 맛있는 흑임자 인절미      사실 여러가지 맛 못 흑임자 떡 진짜 진짜진짜 닷 직원 들 친절하고 신속하게 구매 가능한 곳 
10,농민백암순대 본점,서울 강남구 선릉로86길 40-4 알앤지타운 1층,4.3,순 대국 중 단연 최고 아쉬운 점 주차 안됨  개인 적 돼지 곱창 비계 이런 거 안 좋아해서 그런거 순 대국 못 여기 순 대국 좋아합니다 안 건더기 깔끔하고 국물 비린내 없이 진한 맛 계속 국물 저 깔끔한 고기 맛 순 대국 좋아하시는 분 들 추천 재 방문 의사 있음     
11,땀땀,서울 강남구 강남대로98길 12-5,3.5,매운 곱창 쌀국수 진짜 좋아하는데 그냥 그랬어요 일단 곱창 너무 먹기 조금 힘들었습니다   갈비 튀김 진짜 너무 달 코코넛 쉬 림프 크리스 피롤 진짜 맛있었어요  오픈 시간 쯤 웨이 팅 거의 없이 곱창 쌀국수 제 입 너무 맛있었어요 웨이팅 있다면 택할 것 같진 좁고 빠르게 야하는 그런 식당 굳이  그냥 저 괜찮게 
12,울프강스테이크하우스,서울 강남구 선릉로152길 21 영인빌딩 1층,3.5,중요한 가족 식사 기념일 기분 내기 분위기 좋습니다 스테이크 맛 명성 대단하진 음 맛있네   정도 입니다 서비스 나중 딱히 좋지도 나쁘지도 에피타이저 사이드 등등 괜찮았습니다 재 방문 의사 같은 가격 이 라면 다른 곳      스테이크 본토 맛집  이번 응대 진짜 최악 입니다전 민 서버 분 때문 식사 다 망치   시 에 방문 디너 타임 사람 북적 한산한 원래 메뉴 식사 속도 다음 코스 진행 코스 대기 시간 꽤 길었어요 오히려 디너 때 더 빨리 메뉴 느낌 가만 보 접시 다 다음 메뉴 준비 등 응대 매우 언제 정리 해도 괜히 재촉 실례 것 같아 가만히 뒤 다른 남 직원 가위바위보 있더이다    스테이크 응대 때 테이블 집중 줄 응대 마지막 티라미수 커피 다 안 아닌 아예 누락 있네요 결국 계산 테이크아웃     옆 테이블 한참 디저트 말 안되는 변명 이 가요 미성년 자 알바 이 거 응대 출중할 듯 
13,농민백암왕순대,서울 강남구 역삼로3길 20-4,4.6,    정말 맛있어요 수육 건더기 없는 국물 둘이서 수육 국밥 그릇   인분 족 히 텐데 등산 직후 싹 다 고기 순대 부드럽고 알차요 다음 소주 일 병     
14,몽중헌 청담점,서울 강남구 도산대로 445 엠빌딩 지하1층,3.9,자로 한 보수 적 맛 맛 서비스 인테리어 대접 좋은 곳  맛 있었지만 서비스 최악 입니다 직원 들 모두 바쁜지 제 시야 보이지 어향가 새우 거의     분 이 것 같습니다 그래도 마라소 롱포 하교 어향가 새우 우육 탕 짬뽕 모두 맛있었지만     
15,구구당,서울 강남구 강남대로102길 35,3.6,때 사람 엄청 많은데 너무 맛있어서 포기 못  솔직히 평점     정도 강남 물가 생각 미친 가격 아니고 맛 괜춘 강남 약속 있으면 종종 감  일단 홍콩 식 큐브 스테이크 매우 매우 맛있음 혹시 강력 추천 홍콩 식 파스타 치킨 차오미엔 그렇게 존맛 아님 근데 여기 왜 젓가락 안주 포크     홍콩 다 젓가락 디 그 와중 청경채 이런 걸 것 아니라서 먹기 힘들고 설거지 때문 건가 암튼 포크 퍼먹어 그런지 소화도 안되는 기분 
16,새벽집 청담점,서울 강남구 도산대로101길 6,3.3,정말 맛있었던      주 차선 주차 해도 차 야한다며 발렛비 이상한 식당 주 차비 또 별도 아침 시간 주차장 널널 도무지 이해 안감 안감     
17,호족반 청담,서울 강남구 언주로164길 39 1층,3.7,압구정 가격 많이 비싸지 좋고 음식 그냥 평범해요 웨이 팅 맛 절때 아님  감자전 메밀국수 평범하고    갈비 수비드 잘못 고기 냄새  시간 가까이 실망했어요 그나마 제일 김밥 재 방문 의사 없습니다  감자전 기억 웨이팅 너무 심한게 단점  시간 이상   
18,마일스톤커피,서울 강남구 논현로159길 49 1층,4.3,    플랫 화이트 무난 아메리카노 산미 생각 있는 편 드저트 맛집 주말 웨이 팅 필수 사람 많아서 북적 거리 카페  가로수길 터 줏대 감 
19,알베르,서울 강남구 강남대로102길 34,3.0,카페 커서 좋아요         
20,블루보틀 역삼 카페,서울 강남구 테헤란로 129 강남N타워 1층,3.5,좋아용  초코 호떡 맛있어요  성 블루 보틀 평일 낮 애도 직장인 들 북적 북적 
21,강강술래 역삼점,서울 강남구 논현로 325 1층,3.5,장점 고기랑 반찬 물 냉이 맛있다 단점 항상 직원 분들 바빠 보이 정신 없어요  매 장주 님 반드시 직원 교육 관리 음식 늘 좋습니다 갈비 가격 있지만 다른 갈비 집 비 선 고 퀄 생각 그러나 직원 들 심지어 발렛하 외주 직원 마저 원 수진 사람 행동 음식 이렇게 좋다면 어지간하면   점 만점 도저히 응대 태도 반영 안 없네요  최미화 서빙 분 왜 이렇게 불친절한가요 
22,바비레드 강남본점,서울 강남구 봉은사로6길 39 지하 1층,4.4,파스타 진짜 끔찍한 맛 떡볶이 라면 아무튼 이도 저 아닌 혼종맛 평점 보고 리뷰 확인 못 알바  파스타 라면 스프 맛 나요 파스타 좀 맛 없음     
23,부타이 1막,서울 강남구 테헤란로88길 22 지하 1층,3.8,마제 소바 가츠산도 계속 맛 생각 넓고 사람 많음  등심 돈가스 수준 중하 질 기고 맛 자체 무 존재 끝단 비계 뭔 지 위 상술 안심 그 나 마 부드럽고 모리아 세 카츠 밥 안 밥 밥 수준 그나마 샐러드 인심 좋은 편 결론 이정 널리 널리 널렸음그  분 정도 다행 때 지하 계단 바깥 줄 는걸 헛웃음 블로거 작업 잘 요즘 애 새끼 들 음식 식감 맛 사진 겜 성 이해 불가 재방 의사   해도 방문 의사   아 카레 이 젤로 돈 아까운 매 뉴임 애 들 잔뜩 줄 거르는 답 집  먹킷 평일  시 에가서 웨이 팅 없이 쾌적하고 넓어서 혼밥 좋아요 마제 소바 항정살 추가 진짜 미치게 맛있었어요 기 본 맛 초 매워요 밥 꼬옥 새우 튀김 깨끗하고 바삭 맛있었어요   양도 많았습니다 
24,보노보노플러스 삼성점,서울 강남구 테헤란로 508 해성2빌딩 지하 1층,3.9,주차 관련 불친절 사례 및 환불 팁 공유     일 저녁식사 마치  시 퇴장 시간 바쁘게 직원 들 주차장 요금 차단기 금액       원 주차 셀프 등록 깜박 한 것 차단기 호출 벨 통화 하니 방법 없으니 일단 요금 계산 보노보노 삼 성 점 이야기 하라 안내 계산 후 차 다음 부페 안내 데스크 내 실수 셀프 주차 등록 이야기 주차 요금 조치 취 하자 인지 검은 양복 직원 고객 님 실수 우리 어떻게 방법 없다며 완강 히 거절 내 고의 그런게 아니고 불과  분 전에 식사 주차 요금 처리 안되느냐고 몇 차례 제 실수 주장 요지 부동 그래서 직원 가만히 있으니 그 제  시간   분 에 해당 요금       원 을 현금 셀프 주차 등록 방법 있는데 마치 방법 없는 것 주장 이 고객 포기 방법 옳지 아무리 데스크 안 내 게시 고객 주차 등록 안내 이런 일 없는건데 말 이 여려 면 보노보노 불친절 개선      지난 토요일     년   월   일 주말 저녁 타임 가격 터 무니 없이 비싼데다 가지 수 및 종류 들 형편 없습니다 상대 적 보나 비교 적 쿠우 쿠우 뷔페 훨씬 못 너무나 실망 별 한개 도 솔직히 아깝습니다 가지 
25,리북집 논현직영점,서울 강남구 학동로2길 45 1층,3.8,막국수 족발 싸 심심하다 매운 족발 극락         
26,돝고기506,서울 강남구 역삼로17길 53 서연빌딩 2,3층,           
27,정식당,서울 강남구 선릉로158길 11,4.3,맛 서비스 다 평범했고 세상 제일 비싼 김밥 옴    재 방문 글쎄  메인 너무 별로 눈데 냄새 하니 작은 기프트 푸드 땡 다시 만 해 아닌지 저만 그렇게 아니고 같이 가신 분 냄새    손님 모시 대접 너무 민망했어요        
28,수담한정식,서울 강남구 봉은사로 418,3.5,기본 종류 양 엄청 많아요  가성 비 괜찮습니다     
29,일일향 압구정1호점,서울 강남구 논현로168길 30,2.8,    오늘 점심  만  천 짜리 다정다감 코스 꽤 오래전 방문 가족 모두 맛 양 대 만족 가장 괜찮은 중식 코스 맛집 기억 정도 요 그런데 그때 일 일향 없네요 성인 여자 기준 약간 배부른 정도 동 행남자기 준 배 코스 중 탕수육 큼직하긴 하지만 달랑 세 개 가성 비 너무나 식사 평범하지만 요리 부가 강한 코스 요리 맛집 생각 지난번 아웃백 때 돈 더 만족도 많이 낮네요     
30,도산분식 압구정점,서울 강남구 도산대로49길 10-6 젤로빌딩 1층,3.1,육회 김밥 생각 떡볶이 기대 이상 너무 맛있었어요 평일  시 근처 가면 웨이 팅 없이 수 있어용         
31,창고43 강남점,서울 강남구 강남대로 362 대륭강남타워 지하1층,3.3,강남역 근처 소고기 집 중 여기 최고  이 가격 고기 맛 없으면 장사 고 기 맛 비 싼값 함 장사 진짜 점심 정도 하지만 누구 접대 하 거나 분위기 위 한 거 사람 많은 만큼 직원 들 많아야 응대 안 자기 들 끼리 소통 안 돈 두 푼 아닌데 이런 서비스    고기 등심 약간 비린 부분 있음 새우 살 맛있음 된장 말 괜찮은데 깍두기 볶음밥 쓰레기 고기 좀 더 맛있을 듯 그리고 반찬 이 수준 뭔가 조화 없고 맛 그저 그럼 고기 고기 더 참고 몇몇 메뉴 금방 품절 미리 야함  비싸지만 맛있음 분위기 면 일산 점 훨씬 훌륭한데 맛 일산 조금 더 좋았음 
32,대우부대찌개,서울 강남구 테헤란로25길 34 1층,3.8,  년 있는 곳 미나리 부대찌개 대표 메뉴  웨이팅 맛 같아요  아  만원 짜리 부대찌개 우리 집앞  천원 짜리 신가 부대찌개 맛없음    음 왜 왜 인기 많은거지      나 별 점도 후 편이 안 다 잘 좀 기억 별로 사장 님 정말 친절하시고 바쁜데도 상냥하시고 테이블 회전 율도 정말 빨 좋은데 메인 메뉴 너무 내 입맛 안 미나리 많이 텁텁 고추장 찌개 느낌 절반 그냥 간간이 네모 소고기 작게 왜 물 한우 인지도 모름 걍 소세지 싸구려 맛 
33,강남진해장,서울 강남구 테헤란로5길 11,3.1,중앙 해장 조금 다르지만 그래도 맛있음 하지만 서비스 많이 차이 아니지만 오묘하게 불친절함 또 출입구 쪽 웨이 팅 라인 바로 옆 테이블 들 있어서 거기  소주 및 맥주     원  음식 맛있었는데 손님 식사 중 갑자기 아무 말 없이 컵 들 저쪽 달라 얼굴 무슨 경우 멀어서 좀 달라 말 못 하나요 한국어 못 직원 쓰시 
34,신동궁감자탕뼈숯불구이 선릉직영점,서울 강남구 선릉로86길 39,3.4,  분명 대기   번   팀    당 연 뒤 남   화장실 공용   칸 테이블 몇개 조금 더있으면 눈치 화장실 때문 못   리필 머 반찬 더 달라 고하 직원 분들 눈치 투덜투덜 오래 안  뼈 숯불 구이 볶음밥 개인 적 맛있게 동행인 너무 맵 가격 대비 만족도 썩 높진 모양 굳이 웨이팅 또  자주 이용 맛집    소주 한잔 하기는 더 좋 음 
35,프리모바치오바치 강남점,서울 강남구 강남대로 416 2층,4.0,강남 가격 괜찮아요 음료수 리필 가능해요  솔직히 강남 이 정도 양 이 정도 양 친절 있을까 사진 없는데  천원 짜 감자 스프 존맛 그리고 다 샤베트 후식 줌  매니저 시 던데 메뉴 그거 가지 직원 들 뒷 담 하 그거 기분 상해 요청 사항 양파 빼 달라 거도 거 같다하니 더 맛있어서 그랬다하구요 영수증 다시 서비스 다른 리뷰 알 다 샤베트 
36,능라도 강남점,서울 강남구 삼성로 534,3.8,    냉면 우 움 념념굿  진짜 징 맛있 어복 쟁반 원 탑 어복 쟁반 냉면 만두 녹두 전 육회 다 다 맛있어요    이 거 열심히 돈 벌거에요 우 옥 맛있습니다     
37,어글리스토브 강남역점,서울 강남구 강남대로98길 20 1층,3.4,맛 막 없지도 맛있지도 그 저 그런 맛 다만 이 걸 이 돈 새우 고기 등 재료 좋은 거 장점 못   플래터 묽은 소스 달랑 하나 또띠아 고기 채소 다 다른 플레이 트 먹기 불편함 연어 스테이크 알료 올 료 연어 비린내가 남 빵 바삭 괜찮았음 면도 좀 꼬돌 편 음료 마냥 자극 적 단 맛 아니지만 그냥 그렇고  카카오 별 점 낚였다 왜   점 대 가격 대비 가성 비 정말 별로 입니다 분위기 식기 음식 서비스 등 놀이 공원 안 있는 옛날 패밀리 레스토랑     아웃백 걸 생각   
38,테라로사 포스코센터점,서울 강남구 테헤란로 440 포스코센터 1층,3.9,커피 비싸도 공간 값어치      커피 맛있어요 커피 비싸요     원 에 두 입하 없어요 매장 넓어요 사람 적진 조용해요 해 예쁘게 공부 좋아요 
39,장인닭갈비 강남점,서울 강남구 테헤란로1길 19 지하1층,3.1,가게 자체 정신 없고 시끄럽고 직원 분들 많이 안 계셔서 그런지 벨 여러 번 못 오시 것 같아요 주문   분 정도 닭갈비 그렇게 먹음 직 스러워 보이지 볶음밥 맛있어서   점 뼈 없는 닭갈비  개 정신 없고 직원 매우 불친절함 다시 것 같음 안내 직원 이리 저리 가라 명령 조로 지시 함 조교 출신 듯     
40,갓덴스시 강남점,서울 강남구 테헤란로 109 강남제일빌딩 1층,4.1,조아여  직원 분들 딱 적당히 친절합니다 너무 좋아요 고 기류 생선 류 초밥 훌륭하고 사이드 안주 후기 안 강남 유일 맛집 요 강 추합니다  필요 없어요 맛있습니다 
41,다운타우너 청담,서울 강남구 도산대로53길 14 1층,4.2,        수제 버거 집 중 최고 
42,페어링룸,서울 강남구 도산대로81길 14 1층,4.0,알리오 올 리오 별로 임  기대했는데 가격 대비 맛 굳이 정도 아닌 저 거 하나   마넌  맛있어요 또 
43,신동궁감자탕 역삼본점,서울 강남구 테헤란로10길 21,3.6,외부 대 기용 키 오스 시스템 도입 예상 대기 시간 명시 필요함 주류 판매 매장 저녁 시간대 대기 너무 김 뼈 구이 독특하기는 매운 맛 단계 딱히 없고 양념 맛 맛 굳이 매 장내 포장 더  뼈 구이 진짜 맛있고 서비스 해장국 각   병 가격 천천히     뼈 구이 모 마시쩡 
44,텍사스데브라질 압구정점,서울 강남구 논현로 854 지하 1층,3.8,무한리필 곳 들 중 제일 좋아하는 곳  디너 맛있게 잘 비주 얼 적 좋고 하지만 느끼함을 한 요리 소스류 부족해요    거기 하이 볼 하이 볼 중 제 일 최악 맛없었습니다 맥주 같아요 평소 고기 좋아하는데 느끼해서 많이 못    그래도 한번 쯤 좋아요     
45,한일관 압구정점,서울 강남구 압구정로38길 14,3.3,    조미료 각종 향신료 입맛 청량하게 김치 하나 이 가치 있다 전반 적 담백한 맛 추구 어르신 최적  십년 만 아무튼 옛날 갈비탕 정갈하고 맛 괜찮습니다 다만 온기 유지 위해 밑 놋쇠 너무 뜨거워서 온기 정도 아니라 식사 거의 다 때 계속 특히 밥 반 정도 생각 없이 거의 밥 반 쯤 죽 
46,덕후선생,서울 강남구 선릉로 822 유리빌딩 5층,3.2,두 번 방문 양 많진 추천 메뉴 모두 맛있게 안주 맥주 한잔 가도 괜찮을 듯 재 방문 의사      중국 온 친구 들 우연히 식사 기회 같이 있어 같이 가게 읍 다만 처음 다른 친구 들 워낙   가지 없이 응대 제 한국어 통역 꽤 눈치 그 때 좀 누 그러지신 것 같은데 그래도 정말 불쾌한 응대 근데 아래 후기 들보 그냥 워낙   가지 없는듯 홀 응대 세 직원 분들 중 두 분 서나 그런 느낌 판단 각자 뭔 마누라 바가지 느낌 미혼 남성 일 싫으시면 그냥 그만  퓨전 중식 당 너무 맛있습니다 
47,카페캠프통,서울 강남구 압구정로42길 27,3.6,다트 머신 자리 너무 가까워서 다트 손님 있으면 대화 음료 것 집중 힘들고 주문 좀   분 손님 그렇게 많지도  커피   분 이럴거면 직원 더     
48,육전식당 4호점,서울 강남구 테헤란로8길 11-4 1층,4.2,    그 가격 그 맛     
49,한성칼국수,서울 강남구 언주로148길 14 청호상가빌딩 가동 2층,3.8,명성 대비 칼국수 맛 그냥 완전 대중 적 어디 서나 같은 시판 칼국수 맛  아무리 음식 맛있다고 해도 이런 식 접객 식당 망해야 생각 심지어 맛 그렇게 엄청 훌륭하지도 굳이 그 가격 느낌 아닌 음식 접객 엉터리  젊은 남자 사장 불친절 최고봉 듯 인테리어 이제 노포 느낌 없어 보이 아직 맛 그럭저럭 
50,뉴만두집,서울 강남구 압구정로 338,3.9,하 여기 대 존맛 한동안 못 너무 힘드네요     곧     만두국 징  이 집의 장점 만두 국물 빈대떡 고추 전임     
51,60년전통신촌황소곱창 강남직영점,서울 강남구 강남대로100길 13 1층,1.4,가격 음식점  여기 거기     
52,미즈컨테이너 이스트점,서울 강남구 강남대로102길 13-3,3.8,맛 있고 가성 비도 좋고   년 간 이용 곳 입니다 근데 식기 상태 너무 안좋네요 코팅 다 환경호르몬 저런 식기 음식 주니 주 방식 기 상태 어떤지 안 식기 교체  이 강남 감성 인 감성 나 못  샐러드 파스타 맛있고 자리 많아서 좋아요 
53,피양옥,서울 강남구 삼성로133길 14 1층 101호,3.5,평냉 어복 제육 만두 녹두 전류 더 맛있음  어복 쟁반 첨     저희 엄청 돼지 어복쟁반 녹두 전도 평냉 배부르고 짱 맛있어       굉장한 친절 콜키  천원 의 행복 어복 쟁반 뿐 아니라 냉 제육 녹두 전 만두 모두 맛있었습니다 기대했음에도 기대 이상 
54,묵전,서울 강남구 언주로168길 22,3.9,  층 분위기 축축   층   층 괜찮네요 비 오는 날 진짜 술 쫙쫙 미나 리전 너무 맛있어요 왕 꼬막 진짜 실해요 커서         
55,대가방 본점,서울 강남구 선릉로145길 13 럭스웨이빌딩 1층,3.4,    탕수육     
56,썸띵어바웃커피,서울 강남구 강남대로102길 30 1~3층,3.6,카페 내부 노량진 수산시장 분주하고 정신 없어서 식겁했으나 테이크아웃 휘 낭시 스콘 것 중 제일     디저트 맛있고 분위기 좋았음 다시  커피    원 도 아까운 맛 음료 그냥 무맛 강남    
57,길목,서울 강남구 영동대로129길 10 1층,4.2,    웨이팅할빠 안 맛 맛없다는게 아님 친절하셨음 콜키 지도 무료 임 그냥 동네 한적한 고깃집 보통 맛  목살 최고 거기 콜키 프리 
58,포브라더스 도곡점,서울 강남구 논현로28길 40 덕영빌딩 1층,3.6,월남쌈 제일 낫 쌀국수 호불호 살짝 있을듯 나시 랭 내 취향 그닥 테이블 간격 좀 더 있음 좋겠지만 웨이팅 더 싫음      식 기류 수 저 류 다 뭐 냅킨 음식 시간 느리고 직원 말 그냥 맛 있는데 위생 너무 아쉽네요 
59,정돈 강남점,서울 강남구 강남대로110길 19-1 1층,4.2,대학로 점 더 맛 듯      역시 맛집 
60,일일향 2호점,서울 강남구 봉은사로 167,3.4,자리 식사 매트 지저분해서 다른 사람 다시 확인 옆 테이블 수저 셋팅할때 수저 젓가락 부분 손 직원 분 모습 보고 음식 반절 위생 좀 신경  그냥 그냥 그렇고 그런 직장인 중식 당 많은 기대할 것 그렇다고 가격 생각 딱히 것 없는 낫 배드 정도 적당한 표현 듯 요리 어향동 괜찮  맛 뭐 다 별로 무엇 손님 개 킹 한 끼 손님 랍니 정신 가게 망하고싶지 
61,경천애인2237 삼성본점,서울 강남구 테헤란로 421 암천빌딩 3층,4.2,자기 브레이크 타임 때문 소고기 주지 라스트 고지 안    상품권 잔액 미 환불 주차 요금 별도 부과 등사 장 너무 꼼수 부리   특히 카운터 젊은 여직원 불친절 끝판 왕  치즈 맛있어요  맛있는 건 인정 하지만 가끔 서비스 황당할 때 있다 아이 들 좋아해서 하지만 지난번 부모님 모시 황당했는데 오늘 역시 두 번 황당했다 첫 번째 아이 학원 시간 때문 조금 일찍 오픈 시간    여분 전 문 앞 점원 밖 안 안내 여기 괜찮았다 문 옆 의자 다른 점원 아직 오픈 시간 아니니 지금   월 이다     다행히 모두 맛 있다며 다행히 고기 준 점원 친절했다 두번째 황당함은 개산 난 뒤 아이 지갑 안보 나 온 것 같다고 와이프 점원 이야기 직접 보라     그래서 직접 의자 밑 바닥 모임 처음 접 맛 있고 사무실 집 가깝 기도 해 자주 이용 아쉬워도 이런 마인드 처음 이런 후기     
62,이도곰탕 본점,서울 강남구 논현로94길 29-5,4.0,지인 소개 알 십여 년 째 단골 많은 집 무거운 놋그릇 곰탕 매력  띠용 왜 이런 집 이동 생활  년 하는데 처음 이 블럭 으뜸 맛집 인정 웨이 팅 길다  늘 맛있게 맛집 이제   시간 안 서운하다     흑 흑 
63,카페413프로젝트,서울 강남구 논현로97길 19-11,4.2,        식사 솔직히 별로 카페    팬케익 보고 충격   감 바스 후회 브런치 매 뉴 아닌듯 
64,별양집,서울 강남구 테헤란로43길 17 지하1층, 1층,           
65,유정식당,서울 강남구 도산대로28길 14,3.7,아아 역시 역시였다        예전 인터뷰 영상 보고 팬 분들 유명한 거    진작 안 온 걸 너무 후회 정도 맛있었다    초반 자리 많아서 나중 찍 생각 사진 많이 안 사진 못 정도 금새 자기 찰 유명한 거 같았다    맨 앞 자리 나중 뒤 다양한 나라 분 들 계셔서 신기하기도 밥 소 곤 대 얘기 재미 쏠쏠했다 오늘 처음 쌈밥 근  년 안 제육 중 최고 너무 간도 딱 일단 고기 거나 딱딱하지 부드러워서 좋았다 두꺼운 팬 계속 따뜻하게 것 좋고 센스 있는 사장 님 흰색 맨 투맨 친구 고기 양념 먼저 앞치마 준 것 완벽했다 다음 다른 분들 많이 오 삼겹 재 방문 의사 백프로       맛있는데 가게 청결 상태 좀     
66,코다차야 강남점,서울 강남구 강남대로 468 지하1층,3.0,자리 안내 할머니 너무 불친절함 직원 교육 다시 아래 댓글 깊이 공감 함 테이블 다닥다닥 불편함      이 것 저 것 보기 좋음 
67,홍명,서울 강남구 논현로131길 10 1층,3.4,    식사 류 괜찮아서 요리 류 지인 들 경악 양도 너무 맛 가격 납득 안될 수준  너무한 공 명 다시 또 죽음 맞이 물경 국수 한 그릇   분 을 배부르게 만드 자리 상준 비도 이 젠 있는데 지배인 쯤 인지 남자 장인 많이 손님 분 계산 주문 음식 손님 도대체 장사 싫은듯 해 내 결국 더하면 같아 여러분 위해 양보 지난번   번째 내 그래도 가계 반쪽 때 단골 푸대접 심하게하네 손 걸세 또 볼일 없으리요 
68,랑데자뷰 강남점,서울 강남구 봉은사로6길 39 1층,3.3,    인스타 감성 카페 공간 넓음 가격 강남  포토 존 분위기 좋은 감성 카페 
69,세종한우 2호점,서울 강남구 논현로 642,3.5,강남 몇 안되는 가성 비 한우 집  일반 포장 손님 응대 너무 대충 함 국 거리 용 소고기     그람 팔면 덩이 안 집 칼 정육점 처음 봄 왜 안 정육점 아니라고 국 거리 고기 왜 이름 정육점 왜 이 동네 오래 가족 끼리 한 달 한번 이상 자주 가지 오늘 응대 보고서 이제 안  고기 퀄러티 좋네요 다른 고급 한우 집 차이 없습니다 갈비 강추 된장찌개 별로 
70,진미평양냉면,서울 강남구 학동로 305-3 정각빌딩 1층,3.7,평일  시 조금 방문 때 웨이 팅   분 정도 있었음 우육 비빔면 하이 볼 딤섬 넷 다 맛있었고 가성 비도 매우 좋았음 사람 좀 많긴 하지만 대화 안 정도 아니었고 음식 다 깔끔하고 웨이 팅 전 메뉴 인지 빠르게 육 면 비빔면 면 같은 것 같은데 비빔면 찬 음식 인지 면 훨씬 쫄깃 식감 좋았음 딤섬 안 육즙 국물 많고 무난 맛있었음 하이 볼 술 맛 많이 좋았음 재 방문 의사 있음  몇 년 동안 애용 있는 식당 많이 아쉬워요 맛 서비스 음식 퀄리티 전부 부족해진 것 같아 안타깝네요   포장 때 사이 못 서비스 말 다 짜장면 단무지 못 것 무엇 다른 식당 분위기 노래 광광 거리 내내 힘들었어요         
71,노티드 청담,서울 강남구 도산대로53길 15 1층,3.8,맛있어요  혼밥 안됨  흐아    앙 앙 앙 아우                 아아 아아 앙 유                            
72,스케줄 청담,서울 강남구 선릉로152길 37 1층,3.4,    맛 서비스 가격 모두 별로        원 짜리 코스 맛 별로 코스 단 품 코스 요리 
73,꽁티드툴레아 도산점,서울 강남구 도산대로49길 39 1층,3.3,    곱창 국밥 특 양 구이 대 창구 이 막창구이 레몬 소주 사이다 주문 대표 메뉴 답 특 양 구이 제일 맛있었고 그다음 대창 막창 순이 네 곱창 국밥 중간 중간 입가심 좋았습니다 곱창 특 양 구이 송이버섯 구 이마 부드럽고 오독 한식 대 창구 이 오래 쫄깃 막창구이 오래 야했고 맛 무난 밑반찬 깔끔하니 좋았습니다 특히 감자 치즈볼 맛있었어요 아쉬웠지만 각종 짐 반찬 들 다양하고 배부르게 식사 레몬 소주 소 주 한 병 얇게 레몬 대량 상큼 한 소 주 맛 비렸습니다 사이다 처음 브랜드 일 반 사이다 탄산 단맛 더 진했어요 직원 분들 고기 갑자기 자리 고기 몇몇 서비스 적 부분 아쉬운 부분 상당합니다 한번 쯤 방문 볼 만 업 장이 재 방문 같진     
74,뱃고동,서울 강남구 언주로172길 54 지하 1층,3.5,                   동 문 송년회 맛있게 다행 
75,팀호완 삼성점,서울 강남구 봉은사로86길 30 1층,3.5,반찬 리필 눈치 곳   명 고기   인분 영 양 돌솥   개 차돌 찌개 적지 양 같은데 처음 반찬 리필때 눈 더니 한숨 쉬 천천히 두번째 요청 다시 요청 그 종업원 아줌마 내 방금 같은데 또 달라 고기 질 좋고 맛있었는데 종업원 수준 말 안 이런 식당 반찬 눈치 야할 줄 종업원 무서운 곳  서버 교육 시급해 보임 옆 테이블 외국인 가족 식사 반찬 리필 여러 번 우리 민망할 정도 면박 분 우리 테이블 물 좀 더 달라 하니 또 물음 빈 병 보고 그런 응대 이상함  한 돈 양념 갈비      원 첨   인분 주문 함   명 방문 일단 보고 맛없음 다른 메뉴 생각 식구 들 다시   인분 추가 돌솦밥 냉면 등 동네 기 본 맛 가끔 방문 식당 계산      원 짜리   인분 아니라      원   인분 카드 완료 아닌데 카운터 나 원   나이 많으신 저희 빙해 주신 여사 님 저 또한 그 대체 못 각자 바쁘고 머냐구요 왜왜 주 문 한 데 안 그럼 죄송하다고 재빠른 응대 결론 저 나 셔빙 꽝 각자 잘      앞 안 그만 이지 나이 셔빙 분 들 잘못 부분 인정 빨리 청담 이런 낙후 서비스 이 말 
76,뽕나무쟁이 선릉본점,서울 강남구 역삼로65길 31,4.1,굿  맛 정말 훌륭합니다 다만 저녁      이상 양 너무 많아요 좀 있는 셋트  맛있어요 서비스 좋았습니다 
77,까폼 본점,서울 강남구 선릉로153길 18 지하1층,4.2,쉬 영업 모임 더 안 메뉴판 요리 사진 주문 재촉 함 가격 없음 알 요리  만원 시끄러 움 대화 안      영업 마감   분 전 시간 엄청 크게 손님 압박 기분 너무 나빴음 요리 주문  분 만에 미리 다 건가     객관 적 맛 평가 탕수육       원           가격 조금 비쌈 소스 깔끔함 소스 위 토핑 대추 탕수육    개 정도 깨끗한 기름 것 같았음 적당히 바삭 안 고기 꽤 계속 안 것 같음 내 마음속   위 탕수육 집     짜장면      원          일반 짜장면 그래도 맛있음   위생 앞 접시 음식 게 없어서 조금 깔끔할 것 예상   매장   테이블 룸     개 정도   친절       나름 친절하 심 계산 대 옆 직원 들 함께 대기 계심 짜장면 하나 두 분 오시 센스 있음 하지만 손님 대기 계시 그릇 함    웨이 팅 난이도          피크타임 가면 웨이 팅 있을 수도 있음 회식 무조건 예약 저녁 예약 회식 많을 시 많이 수도 있을 것 같음   재 방문 의사 있지요     가격 착함 
78,어거스트힐 강남점,서울 강남구 강남대로106길 25 1층,4.3,다른 지점 서비스 퀄리티 많이         
79,압구정공주떡,서울 강남구 논현로161길 10 1층,4.0,생방송투데이 양 꼬치 맛집      양 꼬치 맛 정말 좋다 
80,카츠바이콘반,서울 강남구 선릉로153길 36 1층,4.4,진짜 맛집 임  웨이팅 길고 가격 저렴하다고 순 없지만 숙성 고기 맛 상당히 좋다  다른 건 고기 맛 수 없다 삼 년 째 목 살이 정말 맛있다 근데 진짜 맛 좋다 올 때 가게 너무 너무 시끄럽고 회식 온 사람 들 건배 사 단체 생일 축하 파티 그냥 모든 테이블 데시벨 오순도순 밥 온 사람 들 고역 보통 다른 음식점 유난히 목소리 테이블 생기 제지 다른 손님 들 양해 구 권장 권장 절대 말리 환기 제대로 테이블 간 간격 너무 좁다 그래도 부모님 이 맛 좋아해서 가끔 굳이 내 직접 다른 사람 들 함부로 추천 어려운 집 
81,농민백암순대 본점,서울 강남구 선릉로86길 40-4 알앤지타운 1층,4.3,맛있어요 친절하신 직원 분 있고 아닌 직원 분 있어요  괜찮아요 근데 음악 소리    사람 많아서 어쩔 수 없는듯     
82,보슬보슬 역삼본점,서울 강남구 테헤란로8길 22 1층 102호,,    테이블 링 계속 사람 줄 추위 덜덜 가게 문 고저  분   팀 헛걸음  사장 님 전 너무 맛있게 기억 테이블 링 어플 예약 먼길 문 뇨 그럼 테이블 링 예약 두시 어떡해요 헛걸음 사람 저희 뿐 아닙니다 하    진짜 허탈하네요 
83,땀땀,서울 강남구 강남대로98길 12-5,3.5,반찬 리필 안되고 음식 너 무 안 흐름 좋아하던 곳 제발 개선         
84,스시코우지,서울 강남구 도산대로 318 어넥스 B동 3층,4.4,형님 이      오 마카 처음 설명 잘 맛 훌륭해서 만족 
85,대려도,서울 강남구 역삼로 118 2층,3.6,코스 음식 보통 분위기 괜찮은데 서버 분들 왜 이렇게 툭툭 거리 시 다  전화 직원   가지 아주 훌륭함  맛 있지만 직원 분들 친절 배려 즐거운 식사 또 방문 
86,아방궁,서울 강남구 역삼로1길 18,3.6,    짜장면     원            별 점   점  간짜장 존엄 짬뽕 칠리 괜찮 탕슉 음 
87,후레쉬빌 삼성역본점,서울 강남구 테헤란로108길 19 부림빌딩 1층,4.0,너무 맛없어요  돈까스 오므라이스 사진 제 국밥 사진 국밥 맛있었어요  가성 비 좋고 테이블 주문 수 있게 패드 마련 직원 분 친절하셔서 결제 다 때 있었어요 
88,도산맘마,서울 강남구 압구정로42길 45,3.1,마케팅 인테리어 중요성 사진 디저트 기대하고 곳 아닙니다  개맛 없어요 편의점 조 각 케이크 더 맛없는데  만원 양심 어디     매장 내부 어찌나 불편한지 오래 말 일부러 테이블 엄청 작고 의자 불편하고 딱딱한 걸 환기 안 공기 퀘퀘 냄새 숨 건조해요 인테리어 안 예뻐요 왜 유명한지 바이럴 업체 돈 많이 네이버 블로그 후기 알바 티 팍팍 남 그냥 매장 입구 핑크 벽 사진 가세     
89,필경재,서울 강남구 광평로 205,3.3,        맛 좋고 분위기 너무 좋고 
90,블루보틀 압구정 카페,서울 강남구 논현로 854 안다즈호텔 101호,3.4,    가격 대비 그닥     완전 친절     혼자 편하게 커피 평일 오전 사람 꽤 있네요 
91,맛짱조개,서울 강남구 언주로136길 10 1층,4.1,평일 저녁 가끔 웨이 팅 없는 행복 가능 오징어 근본 메뉴 행복 어디 있는 것               맛있는데 비싸요 셋 이서 안주   개 테라   병       원 안   거 돈 안 분들껜 추천 
92,달맞이,서울 강남구 강남대로128길 10,3.9,    식당 안이 엄청 북적 시끄럽고 하필 또 입구 쪽 엄청 좌석 좁고 테이블 작고 너무 불편했다 솔직히 대 방어 엄청 맛있는진 소고기 끼 서비스 좀 감동 그것 외 딱히 그 옆 광명 수산 대 방어 오히려 더 괜찮았던거 같기도     
93,영동장어,서울 강남구 언주로148길 8 1층,4.5,빠 일 여성 분 원기 회복 멋진 가게 자꾸 눈 여친 한 대 주의     장어 매우 맛있긴 한데   인 이상 가야 콜키 비용 지불 후 와인 지인 복분자주        생수 병 온 거 한 모금 씩 나중 계산서 보 그 생수 병 콜키 비용 청구 잔 하 정     
94,브루클린더버거조인트 가로수길점,서울 강남구 도산대로15길 12 가로수빌딩 1층,3.9,           
95,현우동,서울 강남구 논현로149길 53 래성빌딩 101호,3.6,우동 맛있지만 튀김 예술 입니다 쫌 비싸여  이런 우동 발 처음 먹기 과정 참으로 힘들지만 맛 있으니 갑 네  날 인터넷 표시 한 시간 반 거리 매장 당황 스럽네요   사이트 영업 중 
96,잠수교집 5호점,서울 강남구 언주로153길 14 1층,3.4,너무 맛있어요  사장 님 친절하고 고기 친절해요 알바생 친절해요       
97,은행골 신사점,서울 강남구 강남대로152길 42 2층,4.0,여기 너무 곳 말 파 친구 친구 소개 그런 곳 이미 번창 더 더 성공         지극히 평범 
98,을밀대 강남점,서울 강남구 테헤란로4길 46 지하1층,3.3,평 냉이 원래 이런 맛    슴슴 거 좋아하는데 고기 냄새 너무 많이 못 면도 너무 굵어요 평냉 슴슴하대 기대했는데 으악 고기 냄새     평냉 마니아 분 이아주 감탄 국물 싹싹 구수 우우 우우 한 물냉 국물 읏 육 수 저 아영  전 다른 곳 평냉 보고 나 안 생각 평양 냉면 첨 접 분 들 좋을거 같아 요물 육수 간간 맛 냉면 기 대감 냉면 첫 입 눈 번쩍 결국 그릇 채 들 마지막 완샷 왜 평냉 식초 뿌리 말 궁금해서 조금 다음 절대 안 여기 본연 육 수 맛     맛있게 사장 님 잘 인사 다음 녹두 전 막걸리 
99,이대성의 진면목,서울 강남구 삼성로100길 23-3 1층,4.0,        반찬 주시 김치 겉절이 절 갓 
100,뜨락,서울 강남구 영동대로142길 13-3,3.6,   시설 좋음 고기 비쌈 창고 더 내 스탈  고기 그럭저럭 괜찮아요 가격 좀 많이 비싸긴하지만 분위기 괜찮아요 
101,영동교집 청담직영점,서울 강남구 선릉로148길 11 1층,3.6,직원 분들 신경 많이 맛 좋았네요 특히 안경 여자 직원 분 친절하게 너무 잘 껍데기 존맛 탱 입니 닷  사장 남자 분 주방 욕 소리 분위기 너무 별로     매우 불친절하고 실망 스러웠습니다    처음 순두부찌개 주문 김치찌개 사과 한마디 없이 콜라   개 주문   개 그냥 사건 전말 음식 추가 주문 때   인분 추가 주문 양 많길래 혹시 주 문 내 역 영수증 확인 결과   인분 추가 말씀 주문 직원 분과 사장 님 직접 직원 분   인분 말씀 사장 님 서도 본인 주문 불구 멀   인분 저희 분명 주문 삼겹살 하나 파절 김치 더   불구 대처 자체 굉장히 불쾌했구요   인분 주문 대처 제대로 해 사실 금액 지불 그냥 수도 있었는데 마치 저희 잘못 사람 그 태도 너무 화가 설마 저희 그   인분 가격 아까워서 저희 잘 못 것 같다고 화가 다 마지막 결제 그냥 그 실수   인분 대해 서도 결제 하니 괜찮다고 그럼 아까 땐 그렇게 조금 더 성숙한 대처 방법 고민 좋겠습니다 저희 테이블 때 사장 님 그 표정 말씀 수가 없네요 그대 들 응대 방식 기염 토 
102,빌즈 강남,서울 강남구 테헤란로 142 아크플레이스 2층,3.2,분위기 좋고 맛 좋은데 중간 난방 잘 안 아쉬웠어요 좋은 추억  알바 들    싹 아지 없어요 특히 눈 작고 라이언 눈썹 여자 알바생 교육 좀 다시 야할 듯 걍 무조건 안된다는 말 안 태도 띠 꺼 움 자리 춥다 문 달란 어려운 부탁 뭐 안되는게 이렇게 많은지 가격    비싸지만 분위기 괜찮고 맛 그럭저럭 함 이번 할머니 갓 어르신 들 다 자리 때문 불만족 절대 안 듯  자주 편 여기 남자 알바생 너무 건성건성 식기 너무 탁탁 계산 있는데 한참 다른 알바 뭐 
103,반룡산,서울 강남구 테헤란로78길 26 1층,3.8,   맛있었음  가격 좀 있지만 친절하고 맛있음  유료 발렛 주차 어른 들 인기 휴일 가족 손님 많고 젊은 커플 들 꽤 신기 건강한 맛 직접 빚 만두 일행 좋아하고 냉면 육수 주전자 좋음 가릿국밥 가격 질 좀 느낌 직원 분들 작년 친절해 지심 
104,세광양대창 논현점,서울 강남구 강남대로118길 12 부경빌딩 1층,4.1,진짜진짜 맛있음      음식 맛있고 사장 님 친철 하 세용 
105,온달집 본점,서울 강남구 강남대로152길 28 1층,3.7,    맛 성비 좋지만 친절 서비스 부분 기대할 순 없음 사람 워낙 많고 하지만 맛 가격 부분 만족해서 재 방문 곳     맛있다 또     고기 석쇠 플레이 팅 음식 온기 못 하지만 괜찮다 맛있으니까 
106,외고집설렁탕,서울 강남구 삼성로 555 알앤텍빌딩 1층,3.3,유명해지지말아주세요 저만 단골  가격 기대      실망합니다  식대 좀 비싸지만 맛 생각 납득 있는 정도 아니지만 질 좋은 고기 사용 맛 조금 대기 꽤 있는 편 
107,스시소라 대치점,서울 강남구 삼성로85길 33 현대썬앤빌 2층 203호,4.0,    샤리 간이 쎄고 구성 단조 이런 걸 아무리 상가 위치 가성 비 스시 해도 홀 매니저 접객 응대 수준 무슨 노포 이모 수준 요  가성 비 갑 입니다 기분 조 아지 오 마카 세 집 
108,카페써드,서울 강남구 선릉로131길 11 1층,3.9,지하철 바로 앞 좋음 차 맛있어서 다음 청 함  분위기 맛 괜찮은 편이 종종 가요  커피 맛 좋았어요 또 
109,평양면옥,서울 강남구 논현로150길 6,3.1,    이 집의 불고기 냉면 정말 엄청남 가격 좀 많이   하지만 맛있고 가깝다  대부분 평냉집 업주 들 쌍 팔 년도 마인드 언제 쯤 
110,무월 강남점,서울 강남구 봉은사로4길 21,3.1,        직원 다소 불친절함 육회 물회 냉동 육회 사용 종이 식감 막걸리 달달 맛있지만 술 느낌 안남 
111,봉밀가,서울 강남구 선릉로 664 1층,4.4,한번 쯤 볼맛 간 삼삼하고 맛있음  평타 평양 냉면 입니다 매장 분위기 동네 식당 같습니다     
112,강남면옥 신사점,서울 강남구 논현로152길 34 1층,3.2,    강남 면옥 본점 그런 지 맛 서비스 좋아요  휴 불친절 극치 여기 돈 왜 먹음 
113,금수복국 압구정점,서울 강남구 언주로 821 금수빌딩 2,3층,           
114,백억하누 강남본점,서울 강남구 테헤란로5길 29,4.7,    고기 안 고별 점 속 음       
115,한잔의추억,서울 강남구 논현로175길 68,2.9,정작 주민 들 안감 맛 없고 종종 한껏 온 사람 들    저 멀리 더 더군다나 누나 집 졸라 같이가 치킨   년 전 페리 카나 맛  신사 압구정 등지 술 때     차 즈음 고민 집  맛있고 호프 집 감성 좋다 근데 내 고막 피 콘서트장 소리 젤 구석 내 잘못 
116,고센,서울 강남구 선릉로158길 18,2.5,수 십년 간 고센 정말 많은 사람 들 위치 좋고 맛있는 음료 많아서 사람 들 미팅 서로 의견 교환 적당한 좋은 장소 입니다  분위기 좋고 맛 좋아욤    자주     
117,밍글스,서울 강남구 도산대로67길 19 힐탑빌딩 2층,4.1,  스타 한식 다이닝 중 이만 곳 없다 모수   스타 격상 예외         
118,국제수입식당 본점,서울 강남구 논현로79길 62 지하1층,3.2,중말 맛 일단 가격 너무 불편한게 미안함 몇 번 재 방문 한지 네 용     일부러 곳 일단 지하 있고 가게 비릿 정육점 냄새 너무 기분 안좋음 여자 아줌마 직원 사장 너무 불친절해서 기분 나쁘게 함   인분   인분 퉁 명   인분 말 혼잣말 우리 자리 화 냉 냄새 이 가격 냄새 나 냉삼 돈 더주고 다른 곳 사장 님 이 리뷰 서빙 분 교육 제대로 맛 호불호 있을수 있지만 사람 때문 기분 그리고 가게 너무 추워서 덜덜 본인 들 따뜻한 난로 손님 들 테이블 난방 안해 체 뻔     
119,취영루 논현점,서울 강남구 학동로2길 11,3.0,다소 비싼 감  짜샤이 독특하고 맛있습니다 코스 가성 비 좋고 맛 있네요  완전 맛있어요 대박 
120,마초갈비 선릉역점,서울 강남구 선릉로93길 11 1층,4.0,분위기 좋고 고기 맛있어서 기분 좋게 저녁 시간 수 있었어요 다음 선릉역 근처 약속 있어도 재 방문 것 같아요  기본 반찬 들 엄청 풍 성해 매장 엄청 회식 장소 딱이에요  고기 질 아주 좋아요 생 갈비 생 삼겹 맛있고 반찬 완전 친절하구 주차 가능 추천 
121,마켓오 압구정점,서울 강남구 도산대로 310 2층,3.9,대기업 운영 기본 있을줄 아래 분 놨 직원 들 마인드 구멍 가게 못 자기 퇴근 시간 존재 손님 대하 어의 없음 말투 행동 가지 곳 돈 기분 식당  콜 프라 좋은 곳맛 무난 한편  발렛     원 
122,정월,서울 강남구 강남대로102길 46 1층,3.5,하 차가 맛 너무 없어서 저 잔 채 못 핸드폰 충전 것 불가능했어요 비싸긴 엄청 비싸고 아쉽습니다  얼그레이 케이크 맛있음 차 종류 맛있는 편  너무 너무 비싸 근데 맛 없어서 화가 남 
123,오리지널팬케이크하우스 가로수길점,서울 강남구 강남대로162길 41 동원빌딩,3.6,대 만족 입니다 브런치 최고  자꾸만 보들보들 달달 팬케이크      메뉴 라인업 다양하고 브런치 딱 좋아요     
124,크라이치즈버거 삼성역점,서울 강남구 테헤란로 620 미래에셋타워 지하 1층,4.2,특별하게 엄청 맛있는지까지는 그리고 점심 시간 대기 버거 너무 심합니다      매장 넓고 무엇 진짜 맛있습니다 
125,신의주찹쌀순대,서울 강남구 영동대로 725,3.1,주차 좋음 본질 음식 너무 비싸고 평범한 수준 임 절대 다시 가지  사악한 가격                           
126,아트몬스터 강남역점,서울 강남구 테헤란로1길 28-3 1, 2층,           
127,몽중헌 대치점,서울 강남구 영동대로 325 S-TOWER 1층,3.4,별 한 개도 아까 움 방 이점 보고 분위기 좋고 너무 맛있길래 집 가까운 대치 점 왠 걸 이 거 같은 식당 보기 어려운 수준 맛 요 방 이점 짬뽕 불맛 가득 국물 뜨겁지도 미리 것 전자렌지 맛 건데기 양 종류 현저 딤섬 뭔가 내용물 따로 만 두피 방 이점 훨씬 두꺼운 심지어 주말 저녁 일찍 첫 타임 도 백 채교 품절 재료 재고 관리 못 음식 딤섬 아니라 미지근한 짬뽕 부터 돈 진짜 아깝습니다 서비스 개판 개별 직원 분들 친절하신데 식당 관리 아예 안되는 듯 예약 아무 접객 안 문 앞 서서 멀뚱 멀 뚱 매니저 낙하산 인 서빙 로봇 두 대 나 이 지경 입니다 심지어 저희 팀 뒤 온 손님 먼저 안내 이 가격 이면 서비스 좀 기대하고 좀 심하더라구요 진짜 최악 입니다 바글 거리 게   이해 안감  딤섬 짬뽕 맛있었음 사람 많지만 룸 잘 조용히 모임 좋았다  가격 대비 대단한 맛 없었던 것 같아요 
128,이치에,서울 강남구 선릉로155길 23-3 2층,3.8,한동안 방문 전 개인 적 바쁠것 같고 요일 금요일 나중 예약 힘들것 같아 미리 전화 예약 그때   일 부터 공사 원하시는 날짜 공사 계속 수도 있는데 그때 공사 계속 식사 불가능하면 연락 답 그럼에도 곳 예약 너무 일찍 예약 지금 예약 가능한가요 질문 가능하다 분명히 연락처 이름 예약 방문 일 아무런 연락 없길래 무사히 공사 방문 건 입구 간판 공사 분들 누가 식사 불가능한 것 너무 당황 스러웠는데 그래도 혹시 전화 그런데 답변 월요일 공사 다 예약 기록 없다 전화 한 거 확인 질문 워낙 오래전 예 약 한 거 전화 문자 디테 기억 못 분명 연락 예약 시스템 어떻게 직원 분들 간 소통 어떻게 알 수 없지만 형식 상 죄송합니다 실례 이런 말 한마디 없이 네 네 기록 없습니다 통화 그냥 실수 있었다 말씀 있었으면 이렇게 안 제 예 약 한 게 지난 통화 기록 이렇게 몇개 월 만난 친구 이치 식당 그랬는데 너무 당황 스러웠어요 전화 예약 걸 다음 기회 있을 때 제발 이런 일 없었으면         
129,마노디셰프 삼성점,서울 강남구 테헤란로87길 21 동성빌딩 지하1층,3.8,    맛있어요  관자 당 근 퓨레 뇨끼 안심 스테이크 봉골 레알 리오 오존 맛 탱 와인 
130,C27 가로수길본점,서울 강남구 도산대로15길 39,3.2,    선곡 구려  청소 먼지 진짜 
131,육시리 역삼본점,서울 강남구 논현로 420,4.1,맛 평범한데 친절 도 상당히 아쉽습니다 말 많지만 것 아니니 그냥  삼겹살 기대 하진 음식 나쁘지 직원 들 응대 정말 최악 중 최악 주상 전하 서비스 것 아니고 그저 평범한 대화 조차 기분 매우 곳 점심 회식 장소 마땅치 몇 번 방문 길 바닥 회식 곳     
132,피양콩할마니 본점,서울 강남구 삼성로81길 30,3.1,솔직히 맛 있어서 자주 앞 것임 근데 뭐 친절 분위기 보고 곳 아님  맛없어요 서비스 빵점별   개 주기도 아깝다 가격 비싼데다시   명가 만두전골 중 콩 비지 찌개 오후  시 데 점심 메뉴 공비   인 안된다고 직원 주인 짜증 추가 감자전 밥 간 아닌데 술 서 소주   병 맥주   병 아니고서 빙하 사람 불친절해서 미슐랭 별 개 소나 다다 구나 생각 그 돈 이 거 기안 간 웬만하면 그렇수있다 생각 오죽하면 이글  맛있게 식사 고소하고 부드럽고 밥 쑥쑥 반찬 
133,마담밍 선릉점,서울 강남구 선릉로86길 5-4 1층,4.3,아니 여기 진짜 맛집 재수 학원 때 점심시간 여기 출석 감  시간 양 가지 장난 안 고맙습니다     
134,불이아 역삼점,서울 강남구 논현로 514,4.1,소고기 정식 진짜 맛있음  낫 배드  글쎄     아쉽네요 
135,한우리 본점,서울 강남구 도산대로 304,2.8,고작 물  분 반찬 달라 또 말 남 들 다 후식 안주 바빠 보이지 계산 해도 후식 끝 안 후식 있는것도 집 그리고 밥 있는데 중간 중간 왜 안 접시 진짜 뭐 건가 진짜 뭐 나 하나 안 가게 장사 안되는건 아니겠지만 안 확실함 맛 그닥 그냥 그 맛  호박 맛     
136,봉우리 역삼본점,서울 강남구 논현로94길 25-3,3.1,고급 한정식 표방 식당 이면 연말 그런지 충분히 일찍 예약   명 최대   명 딱인 공간   명석   가격 대비 분위기 맛 그저 그렇습니다 식당 때문 아니겠지만 좁은 룸 다닥다닥 덕분 그날 회식 참여   명 중 코로나 확 진자   명    생각 그 저그  분위기 하나로 곳 
137,테일러커피 신사점,서울 강남구 강남대로160길 31 1층,4.3,커피 맛집  크림 모카  직원 분들 정말 친절하시고 웨이팅 불편함 없이 안내 좋았습니다 커피 속도 빨랐어요 카푸치노 플랫 화이트 시나몬 없이도 향 너무 오랫 만 정말 맛있는 커피      애플 럼블 사과 맛 많이 나 진짜 맛있었어요 저 완전 제 취향 곳 바쁜데도 맞이          직원 분들 건강하세요 
138,홈수끼 학동점,서울 강남구 언주로 708 경원빌딩 1층,3.1,위생 더러운 이제 가기 싫다  맛있는줄     일 년 전 학동역 근처 룸 식사 수 있는 곳 무작정 간 곳 기 대안 분위기 고급 화학조미료 음식 들 수 있어 좋았어요 음식 친절히 바로 옆 서빙 담백한 맛 너무 좋았던 기억 오랜 만 오늘 친구 들 자리 여기 정해 리뷰 보고 여기 변했나 살짝 걱정 같이 간 친구 들 다 좋아했어요 코로나 너무 곳 피해 룸 있는 식당 이번 맛있게 다음 또 
139,세시셀라 도산공원점,서울 강남구 도산대로45길 10-4 삼경빌딩 1층,3.8,커피 리필 좋음 당케 압구정 장수 맛집  커피 케이크 비싸긴 한데 양 많아서 돈 아깝다는 생각 안  시간 반 집 가까웠음 자주 거 같아요 당케 레전드 맛있음 직원 분들 완전 친절하고 내부 분위기 좋아요  기대 탓 꽤 실망 당 근 케이크 크림 치즈 조금 더 생크림 프로 스팅 당 케 러버 걸 만족 두 번은 안 듯 
140,로마옥,서울 강남구 강남대로48길 11 지하1층,3.8,    가격 고려 맛 평범하다 서비스 훌륭  다 짱 맛 짱 예쁜데 파스타 딱 딱 
141,참치공방 강남점,서울 강남구 강남대로78길 18 2층,3.7,진짜 맛 없어서 다 옴 특히 회덮밥 소스 그냥 마트 초고추장 사서 더 맛 있을듯 참치 퀄리티 너무 심각함  주인 싸가지                  참치 맛 없음  처가 식구 들 모시 연말 모임 스페셜 코스 직원 분들 친절하세요 리 달라 말 틈틈히 리필 아쉬운 점 주류 한정 처음처럼 카스 테라 없음   인 예약   인룸 없는   인룸 좀 좁았습니다 
